-180.21,2302.00,9.16,408.00
-180.21,2302.00,9.16,408.00
-180.21,2302.00,9.16,408.00
180.21,-1302.00,485.64,-4356.00
180.21,-1302.00,485.64,-4356.00
180.21,-1302.00,485.64,-4356.00
180.21,-1302.00,485.64,-4356.00
180.21,-1302.00,485.64,-4356.00
180.21,-1302.00,485.64,-4356.00
180.21,-1302.00,485.64,-4356.00
180.21,-1302.00,485.64,-4356.00
180.21,-1302.00,485.64,-4356.00
180.21,-1302.00,485.64,-4356.00
180.21,-1302.00,485.64,-4356.00
180.21,-1302.00,485.64,-4356.00
180.21,-1302.00,485.64,-4356.00
180.21,-1302.00,485.64,-4356.00
180.21,-1302.00,485.64,-4356.00
180.21,-1302.00,485.64,-4356.00
180.21,-1302.00,485.64,-4356.00
180.21,-1302.00,485.64,-4356.00
180.21,-1302.00,485.64,-4356.00
180.21,-1302.00,485.64,-4356.00
180.21,-1302.00,485.64,-4356.00
180.21,-1302.00,485.64,-4356.00
180.21,-1302.00,485.64,-4356.00
180.21,-1302.00,485.64,-4356.00
180.21,-1302.00,485.64,-4356.00
-15.27,652.00,76.36,-263.00
-15.27,652.00,76.36,-263.00
-15.27,652.00,76.36,-263.00
-15.27,652.00,76.36,-263.00
-15.27,652.00,76.36,-263.00
-15.27,652.00,76.36,-263.00
-15.27,652.00,76.36,-263.00
-15.27,652.00,76.36,-263.00
-15.27,652.00,76.36,-263.00
-15.27,652.00,76.36,-263.00
-15.27,652.00,76.36,-263.00
-15.27,652.00,76.36,-263.00
-15.27,652.00,76.36,-263.00
-15.27,652.00,76.36,-263.00
-15.27,652.00,76.36,-263.00
-15.27,652.00,76.36,-263.00
-15.27,652.00,76.36,-263.00
-15.27,652.00,76.36,-263.00
-15.27,652.00,76.36,-263.00
-15.27,652.00,76.36,-263.00
-15.27,652.00,76.36,-263.00
-15.27,652.00,76.36,-263.00
-15.27,652.00,76.36,-263.00
-15.27,652.00,76.36,-263.00
-15.27,652.00,76.36,-263.00
-15.27,652.00,76.36,-263.00
-15.27,652.00,76.36,-263.00
88.58,-385.00,-436.77,4867.00
88.58,-385.00,-436.77,4867.00
88.58,-385.00,-436.77,4867.00
88.58,-385.00,-436.77,4867.00
88.58,-385.00,-436.77,4867.00
88.58,-385.00,-436.77,4867.00
88.58,-385.00,-436.77,4867.00
88.58,-385.00,-436.77,4867.00
88.58,-385.00,-436.77,4867.00
88.58,-385.00,-436.77,4867.00
88.58,-385.00,-436.77,4867.00
88.58,-385.00,-436.77,4867.00
88.58,-385.00,-436.77,4867.00
88.58,-385.00,-436.77,4867.00
88.58,-385.00,-436.77,4867.00
88.58,-385.00,-436.77,4867.00
88.58,-385.00,-436.77,4867.00
88.58,-385.00,-436.77,4867.00
88.58,-385.00,-436.77,4867.00
88.58,-385.00,-436.77,4867.00
88.58,-385.00,-436.77,4867.00
88.58,-385.00,-436.77,4867.00
88.58,-385.00,-436.77,4867.00
88.58,-385.00,-436.77,4867.00
88.58,-385.00,-436.77,4867.00
-30.54,805.00,-36.65,866.00
-30.54,805.00,-36.65,866.00
-30.54,805.00,-36.65,866.00
-30.54,805.00,-36.65,866.00
-30.54,805.00,-36.65,866.00
-30.54,805.00,-36.65,866.00
-30.54,805.00,-36.65,866.00
-30.54,805.00,-36.65,866.00
-30.54,805.00,-36.65,866.00
-30.54,805.00,-36.65,866.00
-30.54,805.00,-36.65,866.00
-30.54,805.00,-36.65,866.00
-30.54,805.00,-36.65,866.00
-30.54,805.00,-36.65,866.00
-30.54,805.00,-36.65,866.00
-30.54,805.00,-36.65,866.00
-30.54,805.00,-36.65,866.00
-30.54,805.00,-36.65,866.00
-30.54,805.00,-36.65,866.00
-30.54,805.00,-36.65,866.00
-30.54,805.00,-36.65,866.00
-30.54,805.00,-36.65,866.00
-30.54,805.00,-36.65,866.00
-30.54,805.00,-36.65,866.00
-30.54,805.00,-36.65,866.00
-30.54,805.00,-36.65,866.00
-30.54,805.00,-36.65,866.00
91.63,-416.00,464.26,-4142.00
91.63,-416.00,464.26,-4142.00
91.63,-416.00,464.26,-4142.00
91.63,-416.00,464.26,-4142.00
91.63,-416.00,464.26,-4142.00
91.63,-416.00,464.26,-4142.00
91.63,-416.00,464.26,-4142.00
91.63,-416.00,464.26,-4142.00
91.63,-416.00,464.26,-4142.00
91.63,-416.00,464.26,-4142.00
91.63,-416.00,464.26,-4142.00
91.63,-416.00,464.26,-4142.00
91.63,-416.00,464.26,-4142.00
91.63,-416.00,464.26,-4142.00
91.63,-416.00,464.26,-4142.00
91.63,-416.00,464.26,-4142.00
91.63,-416.00,464.26,-4142.00
91.63,-416.00,464.26,-4142.00
91.63,-416.00,464.26,-4142.00
91.63,-416.00,464.26,-4142.00
91.63,-416.00,464.26,-4142.00
91.63,-416.00,464.26,-4142.00
91.63,-416.00,464.26,-4142.00
91.63,-416.00,464.26,-4142.00
91.63,-416.00,464.26,-4142.00
91.63,-416.00,464.26,-4142.00
-36.65,866.00,61.09,-110.00
-36.65,866.00,61.09,-110.00
-36.65,866.00,61.09,-110.00
-36.65,866.00,61.09,-110.00
-36.65,866.00,61.09,-110.00
-36.65,866.00,61.09,-110.00
-36.65,866.00,61.09,-110.00
-36.65,866.00,61.09,-110.00
-36.65,866.00,61.09,-110.00
-36.65,866.00,61.09,-110.00
-36.65,866.00,61.09,-110.00
-36.65,866.00,61.09,-110.00
-36.65,866.00,61.09,-110.00
-36.65,866.00,61.09,-110.00
-36.65,866.00,61.09,-110.00
-36.65,866.00,61.09,-110.00
-36.65,866.00,61.09,-110.00
-36.65,866.00,61.09,-110.00
-36.65,866.00,61.09,-110.00
-36.65,866.00,61.09,-110.00
-36.65,866.00,61.09,-110.00
-36.65,866.00,61.09,-110.00
-36.65,866.00,61.09,-110.00
-36.65,866.00,61.09,-110.00
-36.65,866.00,61.09,-110.00
-36.65,866.00,61.09,-110.00
-36.65,866.00,61.09,-110.00
82.47,-324.00,-287.11,3371.00
82.47,-324.00,-287.11,3371.00
82.47,-324.00,-287.11,3371.00
82.47,-324.00,-287.11,3371.00
82.47,-324.00,-287.11,3371.00
82.47,-324.00,-287.11,3371.00
82.47,-324.00,-287.11,3371.00
82.47,-324.00,-287.11,3371.00
82.47,-324.00,-287.11,3371.00
82.47,-324.00,-287.11,3371.00
82.47,-324.00,-287.11,3371.00
82.47,-324.00,-287.11,3371.00
82.47,-324.00,-287.11,3371.00
82.47,-324.00,-287.11,3371.00
82.47,-324.00,-287.11,3371.00
82.47,-324.00,-287.11,3371.00
82.47,-324.00,-287.11,3371.00
82.47,-324.00,-287.11,3371.00
82.47,-324.00,-287.11,3371.00
82.47,-324.00,-287.11,3371.00
82.47,-324.00,-287.11,3371.00
82.47,-324.00,-287.11,3371.00
82.47,-324.00,-287.11,3371.00
82.47,-324.00,-287.11,3371.00
82.47,-324.00,-287.11,3371.00
82.47,-324.00,-287.11,3371.00
-36.65,866.00,125.23,-752.00
-36.65,866.00,125.23,-752.00
-36.65,866.00,125.23,-752.00
-36.65,866.00,125.23,-752.00
-36.65,866.00,125.23,-752.00
-36.65,866.00,125.23,-752.00
-36.65,866.00,125.23,-752.00
-36.65,866.00,125.23,-752.00
-36.65,866.00,125.23,-752.00
-36.65,866.00,125.23,-752.00
-36.65,866.00,125.23,-752.00
-36.65,866.00,125.23,-752.00
-36.65,866.00,125.23,-752.00
-36.65,866.00,125.23,-752.00
-36.65,866.00,125.23,-752.00
-36.65,866.00,125.23,-752.00
-36.65,866.00,125.23,-752.00
-36.65,866.00,125.23,-752.00
-36.65,866.00,125.23,-752.00
-36.65,866.00,125.23,-752.00
-36.65,866.00,125.23,-752.00
-36.65,866.00,125.23,-752.00
-36.65,866.00,125.23,-752.00
-36.65,866.00,125.23,-752.00
-36.65,866.00,125.23,-752.00
-36.65,866.00,125.23,-752.00
64.14,-141.00,-39.71,897.00
64.14,-141.00,-39.71,897.00
64.14,-141.00,-39.71,897.00
64.14,-141.00,-39.71,897.00
64.14,-141.00,-39.71,897.00
64.14,-141.00,-39.71,897.00
64.14,-141.00,-39.71,897.00
64.14,-141.00,-39.71,897.00
64.14,-141.00,-39.71,897.00
64.14,-141.00,-39.71,897.00
64.14,-141.00,-39.71,897.00
64.14,-141.00,-39.71,897.00
64.14,-141.00,-39.71,897.00
64.14,-141.00,-39.71,897.00
64.14,-141.00,-39.71,897.00
64.14,-141.00,-39.71,897.00
64.14,-141.00,-39.71,897.00
64.14,-141.00,-39.71,897.00
64.14,-141.00,-39.71,897.00
64.14,-141.00,-39.71,897.00
64.14,-141.00,-39.71,897.00
64.14,-141.00,-39.71,897.00
64.14,-141.00,-39.71,897.00
64.14,-141.00,-39.71,897.00
64.14,-141.00,-39.71,897.00
64.14,-141.00,-39.71,897.00
64.14,-141.00,-39.71,897.00
79.41,-294.00,79.41,-294.00
79.41,-294.00,79.41,-294.00
79.41,-294.00,79.41,-294.00
79.41,-294.00,79.41,-294.00
79.41,-294.00,79.41,-294.00
79.41,-294.00,79.41,-294.00
79.41,-294.00,79.41,-294.00
79.41,-294.00,79.41,-294.00
79.41,-294.00,79.41,-294.00
79.41,-294.00,79.41,-294.00
79.41,-294.00,79.41,-294.00
79.41,-294.00,79.41,-294.00
79.41,-294.00,79.41,-294.00
79.41,-294.00,79.41,-294.00
79.41,-294.00,79.41,-294.00
79.41,-294.00,79.41,-294.00
79.41,-294.00,79.41,-294.00
79.41,-294.00,79.41,-294.00
79.41,-294.00,79.41,-294.00
79.41,-294.00,79.41,-294.00
79.41,-294.00,79.41,-294.00
79.41,-294.00,79.41,-294.00
79.41,-294.00,79.41,-294.00
79.41,-294.00,79.41,-294.00
79.41,-294.00,79.41,-294.00
79.41,-294.00,79.41,-294.00
79.41,-294.00,79.41,-294.00
-345.14,3951.00,-51.92,1019.00
-345.14,3951.00,-51.92,1019.00
-345.14,3951.00,-51.92,1019.00
-345.14,3951.00,-51.92,1019.00
-345.14,3951.00,-51.92,1019.00
-345.14,3951.00,-51.92,1019.00
-345.14,3951.00,-51.92,1019.00
-345.14,3951.00,-51.92,1019.00
-345.14,3951.00,-51.92,1019.00
-345.14,3951.00,-51.92,1019.00
-345.14,3951.00,-51.92,1019.00
-345.14,3951.00,-51.92,1019.00
-345.14,3951.00,-51.92,1019.00
-345.14,3951.00,-51.92,1019.00
-345.14,3951.00,-51.92,1019.00
-345.14,3951.00,-51.92,1019.00
-345.14,3951.00,-51.92,1019.00
-345.14,3951.00,-51.92,1019.00
-345.14,3951.00,-51.92,1019.00
-345.14,3951.00,-51.92,1019.00
-345.14,3951.00,-51.92,1019.00
-345.14,3951.00,-51.92,1019.00
-345.14,3951.00,-51.92,1019.00
-345.14,3951.00,-51.92,1019.00
-345.14,3951.00,-51.92,1019.00
-36.65,866.00,54.98,-49.00
-36.65,866.00,54.98,-49.00
-36.65,866.00,54.98,-49.00
-36.65,866.00,54.98,-49.00
-36.65,866.00,54.98,-49.00
-36.65,866.00,54.98,-49.00
-36.65,866.00,54.98,-49.00
-36.65,866.00,54.98,-49.00
-36.65,866.00,54.98,-49.00
-36.65,866.00,54.98,-49.00
-36.65,866.00,54.98,-49.00
-36.65,866.00,54.98,-49.00
-36.65,866.00,54.98,-49.00
-36.65,866.00,54.98,-49.00
-36.65,866.00,54.98,-49.00
-36.65,866.00,54.98,-49.00
-36.65,866.00,54.98,-49.00
-36.65,866.00,54.98,-49.00
-36.65,866.00,54.98,-49.00
-36.65,866.00,54.98,-49.00
-36.65,866.00,54.98,-49.00
-36.65,866.00,54.98,-49.00
-36.65,866.00,54.98,-49.00
-36.65,866.00,54.98,-49.00
-36.65,866.00,54.98,-49.00
-36.65,866.00,54.98,-49.00
-36.65,866.00,54.98,-49.00
470.37,-4203.00,155.77,-1057.00
470.37,-4203.00,155.77,-1057.00
470.37,-4203.00,155.77,-1057.00
470.37,-4203.00,155.77,-1057.00
470.37,-4203.00,155.77,-1057.00
470.37,-4203.00,155.77,-1057.00
470.37,-4203.00,155.77,-1057.00
470.37,-4203.00,155.77,-1057.00
470.37,-4203.00,155.77,-1057.00
470.37,-4203.00,155.77,-1057.00
470.37,-4203.00,155.77,-1057.00
470.37,-4203.00,155.77,-1057.00
470.37,-4203.00,155.77,-1057.00
470.37,-4203.00,155.77,-1057.00
470.37,-4203.00,155.77,-1057.00
470.37,-4203.00,155.77,-1057.00
470.37,-4203.00,155.77,-1057.00
470.37,-4203.00,155.77,-1057.00
470.37,-4203.00,155.77,-1057.00
470.37,-4203.00,155.77,-1057.00
470.37,-4203.00,155.77,-1057.00
470.37,-4203.00,155.77,-1057.00
470.37,-4203.00,155.77,-1057.00
470.37,-4203.00,155.77,-1057.00
470.37,-4203.00,155.77,-1057.00
91.63,-416.00,-281.00,3309.00
91.63,-416.00,-281.00,3309.00
91.63,-416.00,-281.00,3309.00
91.63,-416.00,-281.00,3309.00
91.63,-416.00,-281.00,3309.00
91.63,-416.00,-281.00,3309.00
91.63,-416.00,-281.00,3309.00
91.63,-416.00,-281.00,3309.00
91.63,-416.00,-281.00,3309.00
91.63,-416.00,-281.00,3309.00
91.63,-416.00,-281.00,3309.00
91.63,-416.00,-281.00,3309.00
91.63,-416.00,-281.00,3309.00
91.63,-416.00,-281.00,3309.00
91.63,-416.00,-281.00,3309.00
91.63,-416.00,-281.00,3309.00
91.63,-416.00,-281.00,3309.00
91.63,-416.00,-281.00,3309.00
91.63,-416.00,-281.00,3309.00
91.63,-416.00,-281.00,3309.00
91.63,-416.00,-281.00,3309.00
91.63,-416.00,-281.00,3309.00
91.63,-416.00,-281.00,3309.00
91.63,-416.00,-281.00,3309.00
91.63,-416.00,-281.00,3309.00
-433.71,4837.00,-3.05,530.00
-433.71,4837.00,-3.05,530.00
-433.71,4837.00,-3.05,530.00
-433.71,4837.00,-3.05,530.00
-433.71,4837.00,-3.05,530.00
-433.71,4837.00,-3.05,530.00
-433.71,4837.00,-3.05,530.00
-433.71,4837.00,-3.05,530.00
-433.71,4837.00,-3.05,530.00
-433.71,4837.00,-3.05,530.00
-433.71,4837.00,-3.05,530.00
-433.71,4837.00,-3.05,530.00
-433.71,4837.00,-3.05,530.00
-433.71,4837.00,-3.05,530.00
-433.71,4837.00,-3.05,530.00
-433.71,4837.00,-3.05,530.00
-433.71,4837.00,-3.05,530.00
-433.71,4837.00,-3.05,530.00
-433.71,4837.00,-3.05,530.00
-433.71,4837.00,-3.05,530.00
-433.71,4837.00,-3.05,530.00
-433.71,4837.00,-3.05,530.00
-433.71,4837.00,-3.05,530.00
-433.71,4837.00,-3.05,530.00
-433.71,4837.00,-3.05,530.00
-433.71,4837.00,-3.05,530.00
-61.09,1110.00,467.31,-4173.00
-61.09,1110.00,467.31,-4173.00
-61.09,1110.00,467.31,-4173.00
-61.09,1110.00,467.31,-4173.00
-61.09,1110.00,467.31,-4173.00
-61.09,1110.00,467.31,-4173.00
-61.09,1110.00,467.31,-4173.00
-61.09,1110.00,467.31,-4173.00
-61.09,1110.00,467.31,-4173.00
-61.09,1110.00,467.31,-4173.00
-61.09,1110.00,467.31,-4173.00
-61.09,1110.00,467.31,-4173.00
-61.09,1110.00,467.31,-4173.00
-61.09,1110.00,467.31,-4173.00
-61.09,1110.00,467.31,-4173.00
-61.09,1110.00,467.31,-4173.00
-61.09,1110.00,467.31,-4173.00
-61.09,1110.00,467.31,-4173.00
-61.09,1110.00,467.31,-4173.00
-61.09,1110.00,467.31,-4173.00
-61.09,1110.00,467.31,-4173.00
-61.09,1110.00,467.31,-4173.00
-61.09,1110.00,467.31,-4173.00
-61.09,1110.00,467.31,-4173.00
-61.09,1110.00,467.31,-4173.00
461.20,-4112.00,51.92,-19.00
461.20,-4112.00,51.92,-19.00
461.20,-4112.00,51.92,-19.00
461.20,-4112.00,51.92,-19.00
461.20,-4112.00,51.92,-19.00
461.20,-4112.00,51.92,-19.00
461.20,-4112.00,51.92,-19.00
461.20,-4112.00,51.92,-19.00
461.20,-4112.00,51.92,-19.00
461.20,-4112.00,51.92,-19.00
461.20,-4112.00,51.92,-19.00
461.20,-4112.00,51.92,-19.00
461.20,-4112.00,51.92,-19.00
461.20,-4112.00,51.92,-19.00
461.20,-4112.00,51.92,-19.00
461.20,-4112.00,51.92,-19.00
461.20,-4112.00,51.92,-19.00
461.20,-4112.00,51.92,-19.00
461.20,-4112.00,51.92,-19.00
461.20,-4112.00,51.92,-19.00
461.20,-4112.00,51.92,-19.00
461.20,-4112.00,51.92,-19.00
461.20,-4112.00,51.92,-19.00
461.20,-4112.00,51.92,-19.00
461.20,-4112.00,51.92,-19.00
461.20,-4112.00,51.92,-19.00
79.41,-294.00,-204.64,2546.00
79.41,-294.00,-204.64,2546.00
79.41,-294.00,-204.64,2546.00
79.41,-294.00,-204.64,2546.00
79.41,-294.00,-204.64,2546.00
79.41,-294.00,-204.64,2546.00
79.41,-294.00,-204.64,2546.00
79.41,-294.00,-204.64,2546.00
79.41,-294.00,-204.64,2546.00
79.41,-294.00,-204.64,2546.00
79.41,-294.00,-204.64,2546.00
79.41,-294.00,-204.64,2546.00
79.41,-294.00,-204.64,2546.00
79.41,-294.00,-204.64,2546.00
79.41,-294.00,-204.64,2546.00
79.41,-294.00,-204.64,2546.00
79.41,-294.00,-204.64,2546.00
79.41,-294.00,-204.64,2546.00
79.41,-294.00,-204.64,2546.00
79.41,-294.00,-204.64,2546.00
79.41,-294.00,-204.64,2546.00
79.41,-294.00,-204.64,2546.00
79.41,-294.00,-204.64,2546.00
79.41,-294.00,-204.64,2546.00
79.41,-294.00,-204.64,2546.00
-436.77,4867.00,216.86,-1668.00
-436.77,4867.00,216.86,-1668.00
-436.77,4867.00,216.86,-1668.00
-436.77,4867.00,216.86,-1668.00
-436.77,4867.00,216.86,-1668.00
-436.77,4867.00,216.86,-1668.00
-436.77,4867.00,216.86,-1668.00
-436.77,4867.00,216.86,-1668.00
-436.77,4867.00,216.86,-1668.00
-436.77,4867.00,216.86,-1668.00
-436.77,4867.00,216.86,-1668.00
-436.77,4867.00,216.86,-1668.00
-436.77,4867.00,216.86,-1668.00
-436.77,4867.00,216.86,-1668.00
-436.77,4867.00,216.86,-1668.00
-436.77,4867.00,216.86,-1668.00
-436.77,4867.00,216.86,-1668.00
-436.77,4867.00,216.86,-1668.00
-436.77,4867.00,216.86,-1668.00
-436.77,4867.00,216.86,-1668.00
-436.77,4867.00,216.86,-1668.00
-436.77,4867.00,216.86,-1668.00
-436.77,4867.00,216.86,-1668.00
-436.77,4867.00,216.86,-1668.00
-82.47,1324.00,3.05,469.00
-82.47,1324.00,3.05,469.00
-82.47,1324.00,3.05,469.00
-82.47,1324.00,3.05,469.00
-82.47,1324.00,3.05,469.00
-82.47,1324.00,3.05,469.00
-82.47,1324.00,3.05,469.00
-82.47,1324.00,3.05,469.00
-82.47,1324.00,3.05,469.00
-82.47,1324.00,3.05,469.00
-82.47,1324.00,3.05,469.00
-82.47,1324.00,3.05,469.00
-82.47,1324.00,3.05,469.00
-82.47,1324.00,3.05,469.00
-82.47,1324.00,3.05,469.00
-82.47,1324.00,3.05,469.00
-82.47,1324.00,3.05,469.00
-82.47,1324.00,3.05,469.00
-82.47,1324.00,3.05,469.00
-82.47,1324.00,3.05,469.00
-82.47,1324.00,3.05,469.00
-82.47,1324.00,3.05,469.00
-82.47,1324.00,3.05,469.00
-82.47,1324.00,3.05,469.00
-82.47,1324.00,3.05,469.00
-82.47,1324.00,3.05,469.00
-82.47,1324.00,3.05,469.00
445.93,-3959.00,103.85,-538.00
445.93,-3959.00,103.85,-538.00
445.93,-3959.00,103.85,-538.00
445.93,-3959.00,103.85,-538.00
445.93,-3959.00,103.85,-538.00
445.93,-3959.00,103.85,-538.00
445.93,-3959.00,103.85,-538.00
445.93,-3959.00,103.85,-538.00
445.93,-3959.00,103.85,-538.00
445.93,-3959.00,103.85,-538.00
445.93,-3959.00,103.85,-538.00
445.93,-3959.00,103.85,-538.00
445.93,-3959.00,103.85,-538.00
445.93,-3959.00,103.85,-538.00
445.93,-3959.00,103.85,-538.00
445.93,-3959.00,103.85,-538.00
445.93,-3959.00,103.85,-538.00
445.93,-3959.00,103.85,-538.00
445.93,-3959.00,103.85,-538.00
445.93,-3959.00,103.85,-538.00
445.93,-3959.00,103.85,-538.00
445.93,-3959.00,103.85,-538.00
445.93,-3959.00,103.85,-538.00
445.93,-3959.00,103.85,-538.00
445.93,-3959.00,103.85,-538.00
82.47,-324.00,-39.71,897.00
82.47,-324.00,-39.71,897.00
82.47,-324.00,-39.71,897.00
82.47,-324.00,-39.71,897.00
82.47,-324.00,-39.71,897.00
82.47,-324.00,-39.71,897.00
82.47,-324.00,-39.71,897.00
82.47,-324.00,-39.71,897.00
82.47,-324.00,-39.71,897.00
82.47,-324.00,-39.71,897.00
82.47,-324.00,-39.71,897.00
82.47,-324.00,-39.71,897.00
82.47,-324.00,-39.71,897.00
82.47,-324.00,-39.71,897.00
82.47,-324.00,-39.71,897.00
82.47,-324.00,-39.71,897.00
82.47,-324.00,-39.71,897.00
82.47,-324.00,-39.71,897.00
82.47,-324.00,-39.71,897.00
82.47,-324.00,-39.71,897.00
82.47,-324.00,-39.71,897.00
82.47,-324.00,-39.71,897.00
82.47,-324.00,-39.71,897.00
82.47,-324.00,-39.71,897.00
82.47,-324.00,-39.71,897.00
82.47,-324.00,-39.71,897.00
82.47,-324.00,-39.71,897.00
-452.04,5020.00,82.47,-324.00
-452.04,5020.00,82.47,-324.00
-452.04,5020.00,82.47,-324.00
-452.04,5020.00,82.47,-324.00
-452.04,5020.00,82.47,-324.00
-452.04,5020.00,82.47,-324.00
-452.04,5020.00,82.47,-324.00
-452.04,5020.00,82.47,-324.00
-452.04,5020.00,82.47,-324.00
-452.04,5020.00,82.47,-324.00
-452.04,5020.00,82.47,-324.00
-452.04,5020.00,82.47,-324.00
-452.04,5020.00,82.47,-324.00
-452.04,5020.00,82.47,-324.00
-452.04,5020.00,82.47,-324.00
-452.04,5020.00,82.47,-324.00
-452.04,5020.00,82.47,-324.00
-452.04,5020.00,82.47,-324.00
-452.04,5020.00,82.47,-324.00
-452.04,5020.00,82.47,-324.00
-452.04,5020.00,82.47,-324.00
-452.04,5020.00,82.47,-324.00
-452.04,5020.00,82.47,-324.00
-452.04,5020.00,82.47,-324.00
-452.04,5020.00,82.47,-324.00
-452.04,5020.00,82.47,-324.00
-76.36,1263.00,-42.76,927.00
-76.36,1263.00,-42.76,927.00
-76.36,1263.00,-42.76,927.00
-76.36,1263.00,-42.76,927.00
-76.36,1263.00,-42.76,927.00
-76.36,1263.00,-42.76,927.00
-76.36,1263.00,-42.76,927.00
-76.36,1263.00,-42.76,927.00
-76.36,1263.00,-42.76,927.00
-76.36,1263.00,-42.76,927.00
-76.36,1263.00,-42.76,927.00
-76.36,1263.00,-42.76,927.00
-76.36,1263.00,-42.76,927.00
-76.36,1263.00,-42.76,927.00
-76.36,1263.00,-42.76,927.00
-76.36,1263.00,-42.76,927.00
-76.36,1263.00,-42.76,927.00
-76.36,1263.00,-42.76,927.00
-76.36,1263.00,-42.76,927.00
-76.36,1263.00,-42.76,927.00
-76.36,1263.00,-42.76,927.00
-76.36,1263.00,-42.76,927.00
-76.36,1263.00,-42.76,927.00
-76.36,1263.00,-42.76,927.00
-76.36,1263.00,-42.76,927.00
-76.36,1263.00,-42.76,927.00
448.99,-3989.00,82.47,-324.00
448.99,-3989.00,82.47,-324.00
448.99,-3989.00,82.47,-324.00
448.99,-3989.00,82.47,-324.00
448.99,-3989.00,82.47,-324.00
448.99,-3989.00,82.47,-324.00
448.99,-3989.00,82.47,-324.00
448.99,-3989.00,82.47,-324.00
448.99,-3989.00,82.47,-324.00
448.99,-3989.00,82.47,-324.00
448.99,-3989.00,82.47,-324.00
448.99,-3989.00,82.47,-324.00
448.99,-3989.00,82.47,-324.00
448.99,-3989.00,82.47,-324.00
448.99,-3989.00,82.47,-324.00
448.99,-3989.00,82.47,-324.00
448.99,-3989.00,82.47,-324.00
448.99,-3989.00,82.47,-324.00
448.99,-3989.00,82.47,-324.00
448.99,-3989.00,82.47,-324.00
448.99,-3989.00,82.47,-324.00
448.99,-3989.00,82.47,-324.00
448.99,-3989.00,82.47,-324.00
448.99,-3989.00,82.47,-324.00
448.99,-3989.00,82.47,-324.00
448.99,-3989.00,82.47,-324.00
79.41,-294.00,-48.87,988.00
79.41,-294.00,-48.87,988.00
79.41,-294.00,-48.87,988.00
79.41,-294.00,-48.87,988.00
79.41,-294.00,-48.87,988.00
79.41,-294.00,-48.87,988.00
79.41,-294.00,-48.87,988.00
79.41,-294.00,-48.87,988.00
79.41,-294.00,-48.87,988.00
79.41,-294.00,-48.87,988.00
79.41,-294.00,-48.87,988.00
79.41,-294.00,-48.87,988.00
79.41,-294.00,-48.87,988.00
79.41,-294.00,-48.87,988.00
79.41,-294.00,-48.87,988.00
79.41,-294.00,-48.87,988.00
79.41,-294.00,-48.87,988.00
79.41,-294.00,-48.87,988.00
79.41,-294.00,-48.87,988.00
79.41,-294.00,-48.87,988.00
79.41,-294.00,-48.87,988.00
79.41,-294.00,-48.87,988.00
79.41,-294.00,-48.87,988.00
79.41,-294.00,-48.87,988.00
79.41,-294.00,-48.87,988.00
79.41,-294.00,-48.87,988.00
79.41,-294.00,-48.87,988.00
-445.93,4959.00,82.47,-324.00
-445.93,4959.00,82.47,-324.00
-445.93,4959.00,82.47,-324.00
-445.93,4959.00,82.47,-324.00
-445.93,4959.00,82.47,-324.00
-445.93,4959.00,82.47,-324.00
-445.93,4959.00,82.47,-324.00
-445.93,4959.00,82.47,-324.00
-445.93,4959.00,82.47,-324.00
-445.93,4959.00,82.47,-324.00
-445.93,4959.00,82.47,-324.00
-445.93,4959.00,82.47,-324.00
-445.93,4959.00,82.47,-324.00
-445.93,4959.00,82.47,-324.00
-445.93,4959.00,82.47,-324.00
-445.93,4959.00,82.47,-324.00
-445.93,4959.00,82.47,-324.00
-445.93,4959.00,82.47,-324.00
-445.93,4959.00,82.47,-324.00
-445.93,4959.00,82.47,-324.00
-445.93,4959.00,82.47,-324.00
-445.93,4959.00,82.47,-324.00
-445.93,4959.00,82.47,-324.00
-445.93,4959.00,82.47,-324.00
-445.93,4959.00,82.47,-324.00
-445.93,4959.00,82.47,-324.00
-76.36,1263.00,-39.71,897.00
-76.36,1263.00,-39.71,897.00
-76.36,1263.00,-39.71,897.00
-76.36,1263.00,-39.71,897.00
-76.36,1263.00,-39.71,897.00
-76.36,1263.00,-39.71,897.00
-76.36,1263.00,-39.71,897.00
-76.36,1263.00,-39.71,897.00
-76.36,1263.00,-39.71,897.00
-76.36,1263.00,-39.71,897.00
-76.36,1263.00,-39.71,897.00
-76.36,1263.00,-39.71,897.00
-76.36,1263.00,-39.71,897.00
-76.36,1263.00,-39.71,897.00
-76.36,1263.00,-39.71,897.00
-76.36,1263.00,-39.71,897.00
-76.36,1263.00,-39.71,897.00
-76.36,1263.00,-39.71,897.00
-76.36,1263.00,-39.71,897.00
-76.36,1263.00,-39.71,897.00
-76.36,1263.00,-39.71,897.00
-76.36,1263.00,-39.71,897.00
-76.36,1263.00,-39.71,897.00
-76.36,1263.00,-39.71,897.00
-76.36,1263.00,-39.71,897.00
-76.36,1263.00,-39.71,897.00
448.99,-3989.00,79.41,-294.00
448.99,-3989.00,79.41,-294.00
448.99,-3989.00,79.41,-294.00
448.99,-3989.00,79.41,-294.00
448.99,-3989.00,79.41,-294.00
448.99,-3989.00,79.41,-294.00
448.99,-3989.00,79.41,-294.00
448.99,-3989.00,79.41,-294.00
448.99,-3989.00,79.41,-294.00
448.99,-3989.00,79.41,-294.00
448.99,-3989.00,79.41,-294.00
448.99,-3989.00,79.41,-294.00
448.99,-3989.00,79.41,-294.00
448.99,-3989.00,79.41,-294.00
448.99,-3989.00,79.41,-294.00
448.99,-3989.00,79.41,-294.00
448.99,-3989.00,79.41,-294.00
448.99,-3989.00,79.41,-294.00
448.99,-3989.00,79.41,-294.00
448.99,-3989.00,79.41,-294.00
448.99,-3989.00,79.41,-294.00
448.99,-3989.00,79.41,-294.00
448.99,-3989.00,79.41,-294.00
448.99,-3989.00,79.41,-294.00
448.99,-3989.00,79.41,-294.00
448.99,-3989.00,79.41,-294.00
85.52,-355.00,-45.81,958.00
85.52,-355.00,-45.81,958.00
85.52,-355.00,-45.81,958.00
85.52,-355.00,-45.81,958.00
85.52,-355.00,-45.81,958.00
85.52,-355.00,-45.81,958.00
85.52,-355.00,-45.81,958.00
85.52,-355.00,-45.81,958.00
85.52,-355.00,-45.81,958.00
85.52,-355.00,-45.81,958.00
85.52,-355.00,-45.81,958.00
85.52,-355.00,-45.81,958.00
85.52,-355.00,-45.81,958.00
85.52,-355.00,-45.81,958.00
85.52,-355.00,-45.81,958.00
85.52,-355.00,-45.81,958.00
85.52,-355.00,-45.81,958.00
85.52,-355.00,-45.81,958.00
85.52,-355.00,-45.81,958.00
85.52,-355.00,-45.81,958.00
85.52,-355.00,-45.81,958.00
85.52,-355.00,-45.81,958.00
85.52,-355.00,-45.81,958.00
85.52,-355.00,-45.81,958.00
85.52,-355.00,-45.81,958.00
85.52,-355.00,-45.81,958.00
-424.55,4745.00,67.20,-171.00
-424.55,4745.00,67.20,-171.00
-424.55,4745.00,67.20,-171.00
-424.55,4745.00,67.20,-171.00
-424.55,4745.00,67.20,-171.00
-424.55,4745.00,67.20,-171.00
-424.55,4745.00,67.20,-171.00
-424.55,4745.00,67.20,-171.00
-424.55,4745.00,67.20,-171.00
-424.55,4745.00,67.20,-171.00
-424.55,4745.00,67.20,-171.00
-424.55,4745.00,67.20,-171.00
-424.55,4745.00,67.20,-171.00
-424.55,4745.00,67.20,-171.00
-424.55,4745.00,67.20,-171.00
-424.55,4745.00,67.20,-171.00
-424.55,4745.00,67.20,-171.00
-424.55,4745.00,67.20,-171.00
-424.55,4745.00,67.20,-171.00
-424.55,4745.00,67.20,-171.00
-424.55,4745.00,67.20,-171.00
-424.55,4745.00,67.20,-171.00
-424.55,4745.00,67.20,-171.00
-424.55,4745.00,67.20,-171.00
-424.55,4745.00,67.20,-171.00
-424.55,4745.00,67.20,-171.00
-70.25,1202.00,51.92,-19.00
-70.25,1202.00,51.92,-19.00
-70.25,1202.00,51.92,-19.00
-70.25,1202.00,51.92,-19.00
-70.25,1202.00,51.92,-19.00
-70.25,1202.00,51.92,-19.00
-70.25,1202.00,51.92,-19.00
-70.25,1202.00,51.92,-19.00
-70.25,1202.00,51.92,-19.00
-70.25,1202.00,51.92,-19.00
-70.25,1202.00,51.92,-19.00
-70.25,1202.00,51.92,-19.00
-70.25,1202.00,51.92,-19.00
-70.25,1202.00,51.92,-19.00
-70.25,1202.00,51.92,-19.00
-70.25,1202.00,51.92,-19.00
-70.25,1202.00,51.92,-19.00
-70.25,1202.00,51.92,-19.00
-70.25,1202.00,51.92,-19.00
-70.25,1202.00,51.92,-19.00
-70.25,1202.00,51.92,-19.00
-70.25,1202.00,51.92,-19.00
-70.25,1202.00,51.92,-19.00
-70.25,1202.00,51.92,-19.00
-70.25,1202.00,51.92,-19.00
-70.25,1202.00,51.92,-19.00
455.09,-4050.00,-109.96,1599.00
455.09,-4050.00,-109.96,1599.00
455.09,-4050.00,-109.96,1599.00
455.09,-4050.00,-109.96,1599.00
455.09,-4050.00,-109.96,1599.00
455.09,-4050.00,-109.96,1599.00
455.09,-4050.00,-109.96,1599.00
455.09,-4050.00,-109.96,1599.00
455.09,-4050.00,-109.96,1599.00
455.09,-4050.00,-109.96,1599.00
455.09,-4050.00,-109.96,1599.00
455.09,-4050.00,-109.96,1599.00
455.09,-4050.00,-109.96,1599.00
455.09,-4050.00,-109.96,1599.00
455.09,-4050.00,-109.96,1599.00
455.09,-4050.00,-109.96,1599.00
455.09,-4050.00,-109.96,1599.00
455.09,-4050.00,-109.96,1599.00
455.09,-4050.00,-109.96,1599.00
455.09,-4050.00,-109.96,1599.00
455.09,-4050.00,-109.96,1599.00
455.09,-4050.00,-109.96,1599.00
455.09,-4050.00,-109.96,1599.00
455.09,-4050.00,-109.96,1599.00
455.09,-4050.00,-109.96,1599.00
94.68,-446.00,226.02,-1760.00
94.68,-446.00,226.02,-1760.00
94.68,-446.00,226.02,-1760.00
94.68,-446.00,226.02,-1760.00
94.68,-446.00,226.02,-1760.00
94.68,-446.00,226.02,-1760.00
94.68,-446.00,226.02,-1760.00
94.68,-446.00,226.02,-1760.00
94.68,-446.00,226.02,-1760.00
94.68,-446.00,226.02,-1760.00
94.68,-446.00,226.02,-1760.00
94.68,-446.00,226.02,-1760.00
94.68,-446.00,226.02,-1760.00
94.68,-446.00,226.02,-1760.00
94.68,-446.00,226.02,-1760.00
94.68,-446.00,226.02,-1760.00
94.68,-446.00,226.02,-1760.00
94.68,-446.00,226.02,-1760.00
94.68,-446.00,226.02,-1760.00
94.68,-446.00,226.02,-1760.00
94.68,-446.00,226.02,-1760.00
94.68,-446.00,226.02,-1760.00
94.68,-446.00,226.02,-1760.00
94.68,-446.00,226.02,-1760.00
94.68,-446.00,226.02,-1760.00
-424.55,4745.00,-15.27,652.00
-424.55,4745.00,-15.27,652.00
-424.55,4745.00,-15.27,652.00
-424.55,4745.00,-15.27,652.00
-424.55,4745.00,-15.27,652.00
-424.55,4745.00,-15.27,652.00
-424.55,4745.00,-15.27,652.00
-424.55,4745.00,-15.27,652.00
-424.55,4745.00,-15.27,652.00
-424.55,4745.00,-15.27,652.00
-424.55,4745.00,-15.27,652.00
-424.55,4745.00,-15.27,652.00
-424.55,4745.00,-15.27,652.00
-424.55,4745.00,-15.27,652.00
-424.55,4745.00,-15.27,652.00
-424.55,4745.00,-15.27,652.00
-424.55,4745.00,-15.27,652.00
-424.55,4745.00,-15.27,652.00
-424.55,4745.00,-15.27,652.00
-424.55,4745.00,-15.27,652.00
-424.55,4745.00,-15.27,652.00
-424.55,4745.00,-15.27,652.00
-424.55,4745.00,-15.27,652.00
-424.55,4745.00,-15.27,652.00
-424.55,4745.00,-15.27,652.00
-79.41,1294.00,61.09,-110.00
-79.41,1294.00,61.09,-110.00
-79.41,1294.00,61.09,-110.00
-79.41,1294.00,61.09,-110.00
-79.41,1294.00,61.09,-110.00
-79.41,1294.00,61.09,-110.00
-79.41,1294.00,61.09,-110.00
-79.41,1294.00,61.09,-110.00
-79.41,1294.00,61.09,-110.00
-79.41,1294.00,61.09,-110.00
-79.41,1294.00,61.09,-110.00
-79.41,1294.00,61.09,-110.00
-79.41,1294.00,61.09,-110.00
-79.41,1294.00,61.09,-110.00
-79.41,1294.00,61.09,-110.00
-79.41,1294.00,61.09,-110.00
-79.41,1294.00,61.09,-110.00
-79.41,1294.00,61.09,-110.00
-79.41,1294.00,61.09,-110.00
-79.41,1294.00,61.09,-110.00
-79.41,1294.00,61.09,-110.00
-79.41,1294.00,61.09,-110.00
-79.41,1294.00,61.09,-110.00
-79.41,1294.00,61.09,-110.00
-79.41,1294.00,61.09,-110.00
-79.41,1294.00,61.09,-110.00
448.99,-3989.00,97.74,-477.00
448.99,-3989.00,97.74,-477.00
448.99,-3989.00,97.74,-477.00
448.99,-3989.00,97.74,-477.00
448.99,-3989.00,97.74,-477.00
448.99,-3989.00,97.74,-477.00
448.99,-3989.00,97.74,-477.00
448.99,-3989.00,97.74,-477.00
448.99,-3989.00,97.74,-477.00
448.99,-3989.00,97.74,-477.00
448.99,-3989.00,97.74,-477.00
448.99,-3989.00,97.74,-477.00
448.99,-3989.00,97.74,-477.00
448.99,-3989.00,97.74,-477.00
448.99,-3989.00,97.74,-477.00
448.99,-3989.00,97.74,-477.00
448.99,-3989.00,97.74,-477.00
448.99,-3989.00,97.74,-477.00
448.99,-3989.00,97.74,-477.00
448.99,-3989.00,97.74,-477.00
448.99,-3989.00,97.74,-477.00
448.99,-3989.00,97.74,-477.00
448.99,-3989.00,97.74,-477.00
448.99,-3989.00,97.74,-477.00
448.99,-3989.00,97.74,-477.00
448.99,-3989.00,97.74,-477.00
82.47,-324.00,-329.87,3798.00
82.47,-324.00,-329.87,3798.00
82.47,-324.00,-329.87,3798.00
82.47,-324.00,-329.87,3798.00
82.47,-324.00,-329.87,3798.00
82.47,-324.00,-329.87,3798.00
82.47,-324.00,-329.87,3798.00
82.47,-324.00,-329.87,3798.00
82.47,-324.00,-329.87,3798.00
82.47,-324.00,-329.87,3798.00
82.47,-324.00,-329.87,3798.00
82.47,-324.00,-329.87,3798.00
82.47,-324.00,-329.87,3798.00
82.47,-324.00,-329.87,3798.00
82.47,-324.00,-329.87,3798.00
82.47,-324.00,-329.87,3798.00
82.47,-324.00,-329.87,3798.00
82.47,-324.00,-329.87,3798.00
82.47,-324.00,-329.87,3798.00
82.47,-324.00,-329.87,3798.00
82.47,-324.00,-329.87,3798.00
82.47,-324.00,-329.87,3798.00
82.47,-324.00,-329.87,3798.00
82.47,-324.00,-329.87,3798.00
82.47,-324.00,-329.87,3798.00
-433.71,4837.00,-21.38,713.00
-433.71,4837.00,-21.38,713.00
-433.71,4837.00,-21.38,713.00
-433.71,4837.00,-21.38,713.00
-433.71,4837.00,-21.38,713.00
-433.71,4837.00,-21.38,713.00
-433.71,4837.00,-21.38,713.00
-433.71,4837.00,-21.38,713.00
-433.71,4837.00,-21.38,713.00
-433.71,4837.00,-21.38,713.00
-433.71,4837.00,-21.38,713.00
-433.71,4837.00,-21.38,713.00
-433.71,4837.00,-21.38,713.00
-433.71,4837.00,-21.38,713.00
-433.71,4837.00,-21.38,713.00
-433.71,4837.00,-21.38,713.00
-433.71,4837.00,-21.38,713.00
-433.71,4837.00,-21.38,713.00
-433.71,4837.00,-21.38,713.00
-433.71,4837.00,-21.38,713.00
-433.71,4837.00,-21.38,713.00
-433.71,4837.00,-21.38,713.00
-433.71,4837.00,-21.38,713.00
-433.71,4837.00,-21.38,713.00
-433.71,4837.00,-21.38,713.00
-73.30,1233.00,452.04,-4020.00
-73.30,1233.00,452.04,-4020.00